{
  "exact_match": 0.08333333333333333,
  "f1_score": 0.11693121693121694,
  "correct": 25,
  "total": 300
}