{
  "exact_match": 0.2633333333333333,
  "f1_score": 0.3452307414807415,
  "correct": 79,
  "total": 300
}