{
  "cosine_similarity": {
    "sp_em": 0.04,
    "sp_f1": 0.24133333333333337,
    "sp_precision": 0.26,
    "sp_recall": 0.23000000000000004
  },
  "mmr": {
    "sp_em": 0.04,
    "sp_f1": 0.26666666666666666,
    "sp_precision": 0.29,
    "sp_recall": 0.2516666666666667
  },
  "hybird": {
    "sp_em": 0.02,
    "sp_f1": 0.2430476190476191,
    "sp_precision": 0.27,
    "sp_recall": 0.2273333333333334
  }
}