{
  "exact_match": 0.13333333333333333,
  "f1_score": 0.18828968253968253,
  "correct": 40,
  "total": 300
}